{
  "help": {
    "precision": 0.7142857142857143,
    "recall": 0.7142857142857143,
    "f1-score": 0.7142857142857143,
    "support": 7,
    "confused_with": {
      "sustainability_practices": 1,
      "color_options": 1
    }
  },
  "new_arrivals": {
    "precision": 0.6,
    "recall": 0.42857142857142855,
    "f1-score": 0.5,
    "support": 7,
    "confused_with": {
      "sustainability_practices": 1,
      "product_availability": 1
    }
  },
  "shipping_cost": {
    "precision": 0.42857142857142855,
    "recall": 0.42857142857142855,
    "f1-score": 0.42857142857142855,
    "support": 7,
    "confused_with": {
      "shipping_information": 3,
      "delivery_time": 1
    }
  },
  "color_options": {
    "precision": 0.45454545454545453,
    "recall": 0.7142857142857143,
    "f1-score": 0.5555555555555556,
    "support": 7,
    "confused_with": {
      "size_availability": 1,
      "product_information": 1
    }
  },
  "thank": {
    "precision": 0.8571428571428571,
    "recall": 0.8571428571428571,
    "f1-score": 0.8571428571428571,
    "support": 7,
    "confused_with": {
      "store_locations": 1
    }
  },
  "order_cancellation": {
    "precision": 1.0,
    "recall": 1.0,
    "f1-score": 1.0,
    "support": 7,
    "confused_with": {}
  },
  "shipping_information": {
    "precision": 0.2222222222222222,
    "recall": 0.2857142857142857,
    "f1-score": 0.25,
    "support": 7,
    "confused_with": {
      "international_shipping": 2,
      "shipping_cost": 2
    }
  },
  "brand_information": {
    "precision": 0.5,
    "recall": 0.7142857142857143,
    "f1-score": 0.588235294117647,
    "support": 7,
    "confused_with": {
      "color_options": 1,
      "sale_inquiries": 1
    }
  },
  "product_information": {
    "precision": 0.08333333333333333,
    "recall": 0.14285714285714285,
    "f1-score": 0.10526315789473685,
    "support": 7,
    "confused_with": {
      "product_availability": 2,
      "material_information": 1,
      "care_instructions": 1
    }
  },
  "size_guide": {
    "precision": 1.0,
    "recall": 0.5714285714285714,
    "f1-score": 0.7272727272727273,
    "support": 7,
    "confused_with": {
      "size_availability": 2,
      "help": 1
    }
  },
  "order_tracking": {
    "precision": 0.4,
    "recall": 0.5714285714285714,
    "f1-score": 0.47058823529411764,
    "support": 7,
    "confused_with": {
      "gift_options": 1,
      "international_shipping": 1
    }
  },
  "return_process": {
    "precision": 0.625,
    "recall": 0.7142857142857143,
    "f1-score": 0.6666666666666666,
    "support": 7,
    "confused_with": {
      "return_policy": 2
    }
  },
  "material_information": {
    "precision": 0.4,
    "recall": 0.2857142857142857,
    "f1-score": 0.3333333333333333,
    "support": 7,
    "confused_with": {
      "product_information": 4,
      "sustainability_practices": 1
    }
  },
  "wishlist_management": {
    "precision": 0.8571428571428571,
    "recall": 0.8571428571428571,
    "f1-score": 0.8571428571428571,
    "support": 7,
    "confused_with": {
      "sale_inquiries": 1
    }
  },
  "gift_options": {
    "precision": 0.6,
    "recall": 0.42857142857142855,
    "f1-score": 0.5,
    "support": 7,
    "confused_with": {
      "gift_cards": 2,
      "order_modification": 1
    }
  },
  "password_reset": {
    "precision": 0.8571428571428571,
    "recall": 0.8571428571428571,
    "f1-score": 0.8571428571428571,
    "support": 7,
    "confused_with": {
      "account_login": 1
    }
  },
  "product_search": {
    "precision": 1.0,
    "recall": 0.7142857142857143,
    "f1-score": 0.8333333333333333,
    "support": 7,
    "confused_with": {
      "custom_tailoring": 1,
      "product_comparison": 1
    }
  },
  "size_availability": {
    "precision": 0.4,
    "recall": 0.5714285714285714,
    "f1-score": 0.47058823529411764,
    "support": 7,
    "confused_with": {
      "color_options": 1,
      "product_availability": 1
    }
  },
  "style_advice": {
    "precision": 0.5,
    "recall": 0.3,
    "f1-score": 0.37499999999999994,
    "support": 10,
    "confused_with": {
      "account_creation": 1,
      "product_recommendations": 1
    }
  },
  "return_policy": {
    "precision": 0.5555555555555556,
    "recall": 0.7142857142857143,
    "f1-score": 0.6250000000000001,
    "support": 7,
    "confused_with": {
      "return_process": 2
    }
  },
  "product_recommendations": {
    "precision": 0.3333333333333333,
    "recall": 0.14285714285714285,
    "f1-score": 0.2,
    "support": 7,
    "confused_with": {
      "style_advice": 2,
      "order_modification": 1
    }
  },
  "promo_code_application": {
    "precision": 0.7777777777777778,
    "recall": 1.0,
    "f1-score": 0.8750000000000001,
    "support": 7,
    "confused_with": {}
  },
  "product_comparison": {
    "precision": 0.8,
    "recall": 0.5714285714285714,
    "f1-score": 0.6666666666666666,
    "support": 7,
    "confused_with": {
      "promo_code_application": 1,
      "product_information": 1
    }
  },
  "product_price": {
    "precision": 0.3,
    "recall": 0.42857142857142855,
    "f1-score": 0.3529411764705882,
    "support": 7,
    "confused_with": {
      "international_shipping": 1,
      "product_availability": 1
    }
  },
  "care_instructions": {
    "precision": 0.5,
    "recall": 0.2857142857142857,
    "f1-score": 0.36363636363636365,
    "support": 7,
    "confused_with": {
      "product_price": 2,
      "material_information": 1
    }
  },
  "payment_methods": {
    "precision": 0.42857142857142855,
    "recall": 0.42857142857142855,
    "f1-score": 0.42857142857142855,
    "support": 7,
    "confused_with": {
      "gift_cards": 2,
      "thank": 1
    }
  },
  "goodbye": {
    "precision": 0.7777777777777778,
    "recall": 0.7,
    "f1-score": 0.7368421052631577,
    "support": 10,
    "confused_with": {
      "greet": 2,
      "product_price": 1
    }
  },
  "custom_tailoring": {
    "precision": 0.5,
    "recall": 0.14285714285714285,
    "f1-score": 0.22222222222222224,
    "support": 7,
    "confused_with": {
      "new_arrivals": 1,
      "product_availability": 1
    }
  },
  "sale_inquiries": {
    "precision": 0.2222222222222222,
    "recall": 0.2857142857142857,
    "f1-score": 0.25,
    "support": 7,
    "confused_with": {
      "discount_inquiries": 2,
      "gift_cards": 1
    }
  },
  "feedback": {
    "precision": 0.6,
    "recall": 0.42857142857142855,
    "f1-score": 0.5,
    "support": 7,
    "confused_with": {
      "customer_service_contact": 2,
      "sustainability_practices": 1
    }
  },
  "account_creation": {
    "precision": 0.625,
    "recall": 0.7142857142857143,
    "f1-score": 0.6666666666666666,
    "support": 7,
    "confused_with": {
      "account_login": 1,
      "social_media_channels": 1
    }
  },
  "store_locations": {
    "precision": 0.8571428571428571,
    "recall": 0.8571428571428571,
    "f1-score": 0.8571428571428571,
    "support": 7,
    "confused_with": {
      "sustainability_practices": 1
    }
  },
  "international_shipping": {
    "precision": 0.16666666666666666,
    "recall": 0.14285714285714285,
    "f1-score": 0.15384615384615383,
    "support": 7,
    "confused_with": {
      "shipping_information": 2,
      "order_tracking": 1
    }
  },
  "order_modification": {
    "precision": 0.4444444444444444,
    "recall": 0.5714285714285714,
    "f1-score": 0.5,
    "support": 7,
    "confused_with": {
      "shipping_cost": 1,
      "sale_inquiries": 1
    }
  },
  "customer_service_contact": {
    "precision": 0.6666666666666666,
    "recall": 0.8571428571428571,
    "f1-score": 0.75,
    "support": 7,
    "confused_with": {
      "wishlist_management": 1
    }
  },
  "greet": {
    "precision": 0.8461538461538461,
    "recall": 0.8461538461538461,
    "f1-score": 0.8461538461538461,
    "support": 13,
    "confused_with": {
      "return_policy": 1,
      "goodbye": 1
    }
  },
  "social_media_channels": {
    "precision": 0.75,
    "recall": 0.42857142857142855,